email;name;md5;
niejuls@gmail.com;Nie Juls;e807f1fcf82d132f9bb018ca6738a19f
henk@henkson.com;Henk Henkson;d8578edf8458ce06fbc5bb76a58c5ca4
f.beest@hotmail.com;F. Beest;5f4dcc3b5aa765d61d8327deb882cf99
bo.ter.ham;Bo Ter Ham;0d107d09f5bbe40cade3de5c71e9e9b7
kwik@duck.com;Kwik Duck;14dd1a8bd40f518c2087158842e2ef20
kewk@duck.com;Kwek Duck;befc472d409c9df09724293f71ab34f6
enthrone.darkness.triumphant@duck.com;Kwak Duck;c721500f8fac684dcf79b2416f705dad
pieter@post.com;Pieter Post;d077f244def8a70e5ea758bd8352fcd8
banaanhangwagen@outlook.com;John Wagen;31d674be46e1ba6b54388a671c09accb
failed@live.com;Elly Phant;e9f5713dec55d727bb35392cec6190ce
3487645.student@lageschool.com;Jantje Janssen;d41d8cd98f00b204e9800998ecf8427e
